date,game_id,home_id,away_id,elo_prob_home,baseline_prob_home,home_won
2026-07-17,824766,111,139,0.5266012528871712,0.54,1.0
2026-07-17,824737,111,139,0.5266012528871712,0.54,1.0
2026-07-17,823524,147,119,0.5093250241294209,0.54,0.0
2026-07-17,824414,114,134,0.5659908000466596,0.54,
2026-07-17,824901,144,140,0.557059582573662,0.54,1.0
2026-07-17,822789,141,145,0.5733058818762008,0.54,0.0
2026-07-17,823766,158,146,0.6002482571829374,0.54,1.0
2026-07-17,824655,112,142,0.598246116085679,0.54,0.0
2026-07-17,824170,117,110,0.5507436368939945,0.54,0.0
2026-07-17,824090,118,135,0.4728682675111361,0.54,1.0
2026-07-17,824332,115,113,0.4570742349774812,0.54,0.0
2026-07-17,824009,108,116,0.4760936437165405,0.54,0.0
2026-07-17,824981,133,120,0.5134405759703589,0.54,0.0
2026-07-17,825060,109,138,0.5362995151479006,0.54,0.0
2026-07-17,823115,136,137,0.5804707934723669,0.54,0.0
2026-07-18,824412,114,134,0.5659848970380056,0.54,1.0
2026-07-18,824657,112,142,0.5916042103207582,0.54,1.0
2026-07-18,823441,143,121,0.6201041019882376,0.54,1.0
2026-07-18,822790,141,145,0.5668331340820628,0.54,1.0
2026-07-18,824331,115,113,0.4518529267236903,0.54,1.0
2026-07-18,824169,117,110,0.5444660185522059,0.54,0.0
2026-07-18,824088,118,135,0.4789294414332902,0.54,1.0
2026-07-18,825059,109,138,0.530156002486593,0.54,1.0
2026-07-18,824738,111,139,0.5373902494827384,0.54,1.0
2026-07-18,824899,144,140,0.5620922692318927,0.54,0.0
2026-07-18,823763,158,146,0.6046514784105578,0.54,1.0
2026-07-18,823116,136,137,0.5739564804173536,0.54,1.0
2026-07-18,823523,147,119,0.5034682131715017,0.54,
2026-07-18,824979,133,120,0.5075260065736558,0.54,1.0
2026-07-18,824008,108,116,0.4706327066218829,0.54,0.0
2026-07-19,822786,141,145,0.5717168477582997,0.54,0.0
2026-07-19,823521,147,119,0.5034682131715017,0.54,1.0
2026-07-19,824739,111,139,0.5426950740005261,0.54,1.0
2026-07-19,823439,143,121,0.6242178302131337,0.54,0.0
2026-07-19,824897,144,140,0.5557062060238331,0.54,1.0
2026-07-19,824411,114,134,0.56457031162251,0.54,0.0
2026-07-19,824168,117,110,0.5382344715673157,0.54,0.0
2026-07-19,824086,118,135,0.4849082620610368,0.54,0.0
2026-07-19,823764,158,146,0.6089914821631898,0.54,1.0
2026-07-19,824653,112,142,0.5961442007935304,0.54,1.0
2026-07-19,824330,115,113,0.4581193541324304,0.54,0.0
2026-07-19,824978,133,120,0.5131936273496278,0.54,0.0
2026-07-19,824007,108,116,0.4652439341821266,0.54,1.0
2026-07-19,823113,136,137,0.5787353537925671,0.54,1.0
2026-07-19,825057,109,138,0.5355436675747709,0.54,1.0
2026-07-20,824410,114,142,0.5804325663265006,0.54,1.0
2026-07-20,823522,147,134,0.5810352522077852,0.54,1.0
2026-07-20,822788,141,139,0.5179955609027398,0.54,0.0
2026-07-20,824736,111,110,0.567808122379988,0.54,1.0
2026-07-20,823436,143,119,0.5099285929307341,0.54,1.0
2026-07-20,824898,144,135,0.5523068612941787,0.54,1.0
2026-07-20,824087,118,137,0.5252063119236706,0.54,1.0
2026-07-20,823762,158,121,0.6493473777080874,0.54,1.0
2026-07-20,824654,112,116,0.5881226524608067,0.54,0.0
2026-07-20,822874,140,145,0.5672147133072918,0.54,0.0
2026-07-20,824167,117,146,0.5241583179244865,0.54,1.0
2026-07-20,824328,115,120,0.4592770834344633,0.54,0.0
2026-07-20,825058,109,133,0.5979445730637272,0.54,0.0
2026-07-20,823112,136,113,0.5679070050231477,0.54,1.0
2026-07-20,824006,108,138,0.4564478797923484,0.54,1.0
2026-07-25,824244,116,118,0.5763477023286946,0.54,0.0
2026-07-25,822704,120,109,0.4935531190379694,0.54,1.0
2026-07-25,823197,137,108,0.5695024993583592,0.54,1.0
2026-07-25,824734,111,141,0.5778930676382623,0.54,0.0
2026-07-25,823841,146,135,0.5214871462152926,0.54,0.0
2026-07-25,823435,143,147,0.5316899652179484,0.54,0.0
2026-07-25,822948,139,114,0.546121692061573,0.54,1.0
2026-07-25,823355,134,112,0.4898412414737362,0.54,0.0
2026-07-25,824811,110,144,0.4948337585590328,0.54,1.0
2026-07-25,823679,142,133,0.562616460823409,0.54,1.0
2026-07-25,824571,145,117,0.5023889138559788,0.54,0.0
2026-07-25,823758,158,115,0.7051354566116613,0.54,1.0
2026-07-25,823600,121,119,0.418698521631085,0.54,0.0
2026-07-25,823027,138,113,0.5420949909400194,0.54,1.0
2026-07-25,822869,140,136,0.5305574695227391,0.54,1.0
2026-07-26,822950,139,114,0.5512960567795074,0.54,
2026-07-26,822706,120,109,0.4993811805722169,0.54,
2026-07-26,823354,134,112,0.4842037682694447,0.54,
2026-07-26,824730,111,141,0.5713926300810582,0.54,
2026-07-26,824810,110,144,0.5006476016952758,0.54,
2026-07-26,824246,116,118,0.5698552911427617,0.54,
2026-07-26,823599,121,119,0.4140124431767361,0.54,
2026-07-26,823840,146,135,0.5154943133437926,0.54,
2026-07-26,823678,142,133,0.5675679563357136,0.54,
2026-07-26,824572,145,117,0.4966037392219014,0.54,
2026-07-26,823755,158,115,0.7079522015965432,0.54,
2026-07-26,823028,138,113,0.547319993682964,0.54,
2026-07-26,822870,140,136,0.535944560628913,0.54,
2026-07-26,823194,137,108,0.5743505698556358,0.54,
2026-07-26,823433,143,147,0.5255795169241122,0.54,
2026-07-27,822868,140,136,0.5298118568006622,0.54,
2026-07-27,824245,116,110,0.5352143281785757,0.54,
2026-07-27,823353,134,109,0.5202085606944075,0.54,
2026-07-27,823839,146,143,0.4802512210351298,0.54,
2026-07-27,822705,120,141,0.5223345937404228,0.54,
2026-07-27,823597,121,144,0.4667909984103671,0.54,
2026-07-27,824570,145,147,0.4594486365837785,0.54,
2026-07-27,823025,138,112,0.4878562522744176,0.54,
2026-07-27,824001,108,117,0.4575763769049997,0.54,
2026-07-27,824977,133,111,0.4454595252554648,0.54,
2026-07-27,823195,137,158,0.411096698537418,0.54,
2026-07-27,824490,113,114,0.5137832353107358,0.54,
