team_id,team_name,rating,updated_at
158,Milwaukee Brewers,1559.49,2026-07-27T22:49:22
119,Los Angeles Dodgers,1557.22,2026-07-27T22:49:22
147,New York Yankees,1534.58,2026-07-27T22:49:22
143,Philadelphia Phillies,1531.49,2026-07-27T22:49:22
112,Chicago Cubs,1528.61,2026-07-27T22:49:22
144,Atlanta Braves,1524.72,2026-07-27T22:49:22
111,Boston Red Sox,1523.71,2026-07-27T22:49:22
139,Tampa Bay Rays,1522.74,2026-07-27T22:49:22
135,San Diego Padres,1511.18,2026-07-27T22:49:22
114,Cleveland Guardians,1508.35,2026-07-27T22:49:22
109,Arizona Diamondbacks,1507.66,2026-07-27T22:49:22
136,Seattle Mariners,1505.15,2026-07-27T22:49:22
117,Houston Astros,1503.72,2026-07-27T22:49:22
140,Texas Rangers,1500.89,2026-07-27T22:49:22
134,Pittsburgh Pirates,1496.71,2026-07-27T22:49:22
110,Baltimore Orioles,1496.04,2026-07-27T22:49:22
141,Toronto Blue Jays,1495.68,2026-07-27T22:49:22
116,Detroit Tigers,1495.55,2026-07-27T22:49:22
138,St. Louis Cardinals,1495.17,2026-07-27T22:49:22
113,Cincinnati Reds,1492.93,2026-07-27T22:49:22
146,Miami Marlins,1492.76,2026-07-27T22:49:22
120,Washington Nationals,1486.21,2026-07-27T22:49:22
142,Minnesota Twins,1485.7,2026-07-27T22:49:22
145,Chicago White Sox,1481.34,2026-07-27T22:49:22
121,New York Mets,1476.61,2026-07-27T22:49:22
118,Kansas City Royals,1475.51,2026-07-27T22:49:22
137,San Francisco Giants,1472.05,2026-07-27T22:49:22
133,Athletics,1460.66,2026-07-27T22:49:22
108,Los Angeles Angels,1449.17,2026-07-27T22:49:22
115,Colorado Rockies,1428.39,2026-07-27T22:49:22
